id,codigo,nombre,carrera,semestre,email,fecha_ingreso
1,STU0001,Estudiante 1,Ingeniería Civil,1,estudiante1@uni.edu,2022-08-16
2,STU0002,Estudiante 2,Contabilidad,4,estudiante2@uni.edu,2023-05-21
3,STU0003,Estudiante 3,Ingeniería Civil,9,estudiante3@uni.edu,2023-09-05
4,STU0004,Estudiante 4,Psicología,1,estudiante4@uni.edu,2023-12-31
5,STU0005,Estudiante 5,Ingeniería Civil,4,estudiante5@uni.edu,2022-11-11
6,STU0006,Estudiante 6,Ingeniería de Sistemas,9,estudiante6@uni.edu,2023-01-19
7,STU0007,Estudiante 7,Psicología,4,estudiante7@uni.edu,2021-08-25
8,STU0008,Estudiante 8,Derecho,1,estudiante8@uni.edu,2023-04-10
9,STU0009,Estudiante 9,Psicología,6,estudiante9@uni.edu,2022-08-10
10,STU0010,Estudiante 10,Administración,4,estudiante10@uni.edu,2022-04-12
11,STU0011,Estudiante 11,Ingeniería Civil,2,estudiante11@uni.edu,2022-01-13
12,STU0012,Estudiante 12,Ingeniería Civil,6,estudiante12@uni.edu,2022-03-28
13,STU0013,Estudiante 13,Derecho,1,estudiante13@uni.edu,2021-08-04
14,STU0014,Estudiante 14,Ingeniería Civil,7,estudiante14@uni.edu,2023-09-22
15,STU0015,Estudiante 15,Derecho,10,estudiante15@uni.edu,2022-02-20
16,STU0016,Estudiante 16,Contabilidad,2,estudiante16@uni.edu,2023-11-29
17,STU0017,Estudiante 17,Contabilidad,5,estudiante17@uni.edu,2023-09-20
18,STU0018,Estudiante 18,Contabilidad,2,estudiante18@uni.edu,2022-01-13
19,STU0019,Estudiante 19,Derecho,8,estudiante19@uni.edu,2022-02-13
20,STU0020,Estudiante 20,Administración,6,estudiante20@uni.edu,2022-03-05
21,STU0021,Estudiante 21,Contabilidad,5,estudiante21@uni.edu,2023-10-07
22,STU0022,Estudiante 22,Administración,9,estudiante22@uni.edu,2022-10-17
23,STU0023,Estudiante 23,Administración,8,estudiante23@uni.edu,2022-01-14
24,STU0024,Estudiante 24,Derecho,9,estudiante24@uni.edu,2022-12-08
25,STU0025,Estudiante 25,Medicina,1,estudiante25@uni.edu,2022-11-18
26,STU0026,Estudiante 26,Ingeniería de Sistemas,6,estudiante26@uni.edu,2021-12-01
27,STU0027,Estudiante 27,Derecho,2,estudiante27@uni.edu,2022-12-25
28,STU0028,Estudiante 28,Medicina,4,estudiante28@uni.edu,2021-05-14
29,STU0029,Estudiante 29,Psicología,8,estudiante29@uni.edu,2023-05-14
30,STU0030,Estudiante 30,Derecho,3,estudiante30@uni.edu,2022-10-13
31,STU0031,Estudiante 31,Derecho,10,estudiante31@uni.edu,2021-10-06
32,STU0032,Estudiante 32,Psicología,6,estudiante32@uni.edu,2022-12-08
33,STU0033,Estudiante 33,Administración,9,estudiante33@uni.edu,2021-05-26
34,STU0034,Estudiante 34,Ingeniería Civil,1,estudiante34@uni.edu,2023-07-21
35,STU0035,Estudiante 35,Administración,3,estudiante35@uni.edu,2021-10-19
36,STU0036,Estudiante 36,Ingeniería Civil,7,estudiante36@uni.edu,2022-01-10
37,STU0037,Estudiante 37,Arquitectura,9,estudiante37@uni.edu,2022-10-04
38,STU0038,Estudiante 38,Ingeniería de Sistemas,2,estudiante38@uni.edu,2022-09-02
39,STU0039,Estudiante 39,Medicina,2,estudiante39@uni.edu,2022-07-09
40,STU0040,Estudiante 40,Psicología,3,estudiante40@uni.edu,2021-08-15
41,STU0041,Estudiante 41,Ingeniería de Sistemas,5,estudiante41@uni.edu,2021-05-11
42,STU0042,Estudiante 42,Administración,9,estudiante42@uni.edu,2023-07-28
43,STU0043,Estudiante 43,Derecho,9,estudiante43@uni.edu,2023-01-19
44,STU0044,Estudiante 44,Administración,6,estudiante44@uni.edu,2023-04-06
45,STU0045,Estudiante 45,Ingeniería de Sistemas,10,estudiante45@uni.edu,2022-05-08
46,STU0046,Estudiante 46,Arquitectura,1,estudiante46@uni.edu,2023-07-16
47,STU0047,Estudiante 47,Medicina,5,estudiante47@uni.edu,2022-10-28
48,STU0048,Estudiante 48,Ingeniería de Sistemas,4,estudiante48@uni.edu,2023-09-22
49,STU0049,Estudiante 49,Ingeniería Civil,8,estudiante49@uni.edu,2023-10-12
50,STU0050,Estudiante 50,Administración,3,estudiante50@uni.edu,2021-07-02
51,STU0051,Estudiante 51,Administración,5,estudiante51@uni.edu,2021-03-17
52,STU0052,Estudiante 52,Psicología,4,estudiante52@uni.edu,2023-01-15
53,STU0053,Estudiante 53,Derecho,7,estudiante53@uni.edu,2022-01-27
54,STU0054,Estudiante 54,Arquitectura,9,estudiante54@uni.edu,2021-08-20
55,STU0055,Estudiante 55,Ingeniería Civil,4,estudiante55@uni.edu,2022-11-27
56,STU0056,Estudiante 56,Ingeniería Civil,6,estudiante56@uni.edu,2024-01-18
57,STU0057,Estudiante 57,Contabilidad,10,estudiante57@uni.edu,2022-12-06
58,STU0058,Estudiante 58,Ingeniería de Sistemas,2,estudiante58@uni.edu,2023-11-02
59,STU0059,Estudiante 59,Contabilidad,2,estudiante59@uni.edu,2023-12-28
60,STU0060,Estudiante 60,Medicina,2,estudiante60@uni.edu,2021-04-14
61,STU0061,Estudiante 61,Contabilidad,5,estudiante61@uni.edu,2021-06-11
62,STU0062,Estudiante 62,Contabilidad,9,estudiante62@uni.edu,2023-06-05
63,STU0063,Estudiante 63,Arquitectura,4,estudiante63@uni.edu,2021-07-07
64,STU0064,Estudiante 64,Psicología,4,estudiante64@uni.edu,2023-08-21
65,STU0065,Estudiante 65,Ingeniería Civil,7,estudiante65@uni.edu,2022-03-07
66,STU0066,Estudiante 66,Psicología,7,estudiante66@uni.edu,2021-07-19
67,STU0067,Estudiante 67,Ingeniería de Sistemas,2,estudiante67@uni.edu,2023-10-29
68,STU0068,Estudiante 68,Psicología,6,estudiante68@uni.edu,2023-07-22
69,STU0069,Estudiante 69,Contabilidad,4,estudiante69@uni.edu,2023-02-06
70,STU0070,Estudiante 70,Arquitectura,3,estudiante70@uni.edu,2021-10-19
71,STU0071,Estudiante 71,Administración,5,estudiante71@uni.edu,2021-07-28
72,STU0072,Estudiante 72,Contabilidad,2,estudiante72@uni.edu,2021-09-06
73,STU0073,Estudiante 73,Ingeniería Civil,1,estudiante73@uni.edu,2024-01-31
74,STU0074,Estudiante 74,Ingeniería Civil,4,estudiante74@uni.edu,2023-03-27
75,STU0075,Estudiante 75,Psicología,8,estudiante75@uni.edu,2021-06-20
76,STU0076,Estudiante 76,Contabilidad,7,estudiante76@uni.edu,2023-11-02
77,STU0077,Estudiante 77,Administración,7,estudiante77@uni.edu,2024-02-26
78,STU0078,Estudiante 78,Psicología,5,estudiante78@uni.edu,2021-08-13
79,STU0079,Estudiante 79,Derecho,7,estudiante79@uni.edu,2021-06-09
80,STU0080,Estudiante 80,Administración,4,estudiante80@uni.edu,2022-07-03
81,STU0081,Estudiante 81,Contabilidad,1,estudiante81@uni.edu,2023-10-29
82,STU0082,Estudiante 82,Medicina,1,estudiante82@uni.edu,2023-11-20
83,STU0083,Estudiante 83,Arquitectura,9,estudiante83@uni.edu,2021-03-10
84,STU0084,Estudiante 84,Administración,1,estudiante84@uni.edu,2021-04-26
85,STU0085,Estudiante 85,Ingeniería Civil,3,estudiante85@uni.edu,2023-10-13
86,STU0086,Estudiante 86,Ingeniería Civil,4,estudiante86@uni.edu,2021-11-26
87,STU0087,Estudiante 87,Ingeniería Civil,10,estudiante87@uni.edu,2022-10-14
88,STU0088,Estudiante 88,Ingeniería de Sistemas,10,estudiante88@uni.edu,2023-09-16
89,STU0089,Estudiante 89,Psicología,10,estudiante89@uni.edu,2021-03-27
90,STU0090,Estudiante 90,Medicina,5,estudiante90@uni.edu,2023-01-08
91,STU0091,Estudiante 91,Medicina,4,estudiante91@uni.edu,2022-09-05
92,STU0092,Estudiante 92,Psicología,3,estudiante92@uni.edu,2022-06-26
93,STU0093,Estudiante 93,Arquitectura,6,estudiante93@uni.edu,2023-10-05
94,STU0094,Estudiante 94,Ingeniería de Sistemas,8,estudiante94@uni.edu,2023-08-10
95,STU0095,Estudiante 95,Ingeniería Civil,9,estudiante95@uni.edu,2022-12-21
96,STU0096,Estudiante 96,Derecho,3,estudiante96@uni.edu,2022-03-18
97,STU0097,Estudiante 97,Ingeniería Civil,4,estudiante97@uni.edu,2022-02-04
98,STU0098,Estudiante 98,Derecho,3,estudiante98@uni.edu,2021-09-16
99,STU0099,Estudiante 99,Derecho,10,estudiante99@uni.edu,2021-03-14
100,STU0100,Estudiante 100,Ingeniería de Sistemas,9,estudiante100@uni.edu,2022-06-27
101,STU0101,Estudiante 101,Ingeniería Civil,3,estudiante101@uni.edu,2022-09-07
102,STU0102,Estudiante 102,Ingeniería Civil,2,estudiante102@uni.edu,2023-04-18
103,STU0103,Estudiante 103,Derecho,5,estudiante103@uni.edu,2022-12-26
104,STU0104,Estudiante 104,Medicina,4,estudiante104@uni.edu,2022-09-08
105,STU0105,Estudiante 105,Arquitectura,5,estudiante105@uni.edu,2023-11-18
106,STU0106,Estudiante 106,Ingeniería Civil,7,estudiante106@uni.edu,2022-08-13
107,STU0107,Estudiante 107,Ingeniería de Sistemas,1,estudiante107@uni.edu,2022-04-18
108,STU0108,Estudiante 108,Administración,5,estudiante108@uni.edu,2023-04-06
109,STU0109,Estudiante 109,Arquitectura,9,estudiante109@uni.edu,2021-10-08
110,STU0110,Estudiante 110,Ingeniería de Sistemas,2,estudiante110@uni.edu,2023-09-29
111,STU0111,Estudiante 111,Administración,9,estudiante111@uni.edu,2023-12-19
112,STU0112,Estudiante 112,Medicina,10,estudiante112@uni.edu,2023-05-03
113,STU0113,Estudiante 113,Psicología,3,estudiante113@uni.edu,2023-12-07
114,STU0114,Estudiante 114,Derecho,6,estudiante114@uni.edu,2023-12-11
115,STU0115,Estudiante 115,Medicina,4,estudiante115@uni.edu,2022-10-07
116,STU0116,Estudiante 116,Ingeniería Civil,6,estudiante116@uni.edu,2021-11-20
117,STU0117,Estudiante 117,Administración,4,estudiante117@uni.edu,2023-04-04
118,STU0118,Estudiante 118,Administración,7,estudiante118@uni.edu,2024-01-11
119,STU0119,Estudiante 119,Administración,6,estudiante119@uni.edu,2021-11-09
120,STU0120,Estudiante 120,Contabilidad,5,estudiante120@uni.edu,2023-04-10
121,STU0121,Estudiante 121,Ingeniería Civil,7,estudiante121@uni.edu,2023-12-13
122,STU0122,Estudiante 122,Arquitectura,4,estudiante122@uni.edu,2023-01-18
123,STU0123,Estudiante 123,Arquitectura,6,estudiante123@uni.edu,2022-06-15
124,STU0124,Estudiante 124,Contabilidad,4,estudiante124@uni.edu,2024-01-13
125,STU0125,Estudiante 125,Contabilidad,7,estudiante125@uni.edu,2022-04-29
126,STU0126,Estudiante 126,Derecho,2,estudiante126@uni.edu,2022-08-08
127,STU0127,Estudiante 127,Medicina,9,estudiante127@uni.edu,2021-12-04
128,STU0128,Estudiante 128,Medicina,1,estudiante128@uni.edu,2023-07-09
129,STU0129,Estudiante 129,Derecho,3,estudiante129@uni.edu,2022-09-05
130,STU0130,Estudiante 130,Ingeniería de Sistemas,2,estudiante130@uni.edu,2021-09-24
131,STU0131,Estudiante 131,Medicina,6,estudiante131@uni.edu,2021-09-20
132,STU0132,Estudiante 132,Ingeniería Civil,7,estudiante132@uni.edu,2023-02-06
133,STU0133,Estudiante 133,Derecho,1,estudiante133@uni.edu,2021-09-20
134,STU0134,Estudiante 134,Ingeniería de Sistemas,9,estudiante134@uni.edu,2023-01-23
135,STU0135,Estudiante 135,Medicina,7,estudiante135@uni.edu,2023-10-10
136,STU0136,Estudiante 136,Medicina,10,estudiante136@uni.edu,2022-05-29
137,STU0137,Estudiante 137,Ingeniería Civil,5,estudiante137@uni.edu,2021-04-28
138,STU0138,Estudiante 138,Derecho,7,estudiante138@uni.edu,2022-05-03
139,STU0139,Estudiante 139,Psicología,5,estudiante139@uni.edu,2023-06-15
140,STU0140,Estudiante 140,Contabilidad,7,estudiante140@uni.edu,2022-01-15
141,STU0141,Estudiante 141,Administración,10,estudiante141@uni.edu,2022-06-24
142,STU0142,Estudiante 142,Psicología,9,estudiante142@uni.edu,2024-03-01
143,STU0143,Estudiante 143,Derecho,5,estudiante143@uni.edu,2022-12-27
144,STU0144,Estudiante 144,Psicología,10,estudiante144@uni.edu,2022-05-12
145,STU0145,Estudiante 145,Arquitectura,8,estudiante145@uni.edu,2021-09-08
146,STU0146,Estudiante 146,Contabilidad,9,estudiante146@uni.edu,2021-07-06
147,STU0147,Estudiante 147,Administración,2,estudiante147@uni.edu,2022-07-29
148,STU0148,Estudiante 148,Medicina,2,estudiante148@uni.edu,2022-11-06
149,STU0149,Estudiante 149,Derecho,4,estudiante149@uni.edu,2023-01-19
150,STU0150,Estudiante 150,Administración,1,estudiante150@uni.edu,2023-11-28
151,STU0151,Estudiante 151,Contabilidad,8,estudiante151@uni.edu,2023-10-04
152,STU0152,Estudiante 152,Arquitectura,7,estudiante152@uni.edu,2023-01-28
153,STU0153,Estudiante 153,Psicología,8,estudiante153@uni.edu,2021-12-04
154,STU0154,Estudiante 154,Contabilidad,3,estudiante154@uni.edu,2024-02-19
155,STU0155,Estudiante 155,Ingeniería Civil,7,estudiante155@uni.edu,2022-12-09
156,STU0156,Estudiante 156,Administración,9,estudiante156@uni.edu,2021-07-24
157,STU0157,Estudiante 157,Ingeniería de Sistemas,9,estudiante157@uni.edu,2022-10-08
158,STU0158,Estudiante 158,Ingeniería Civil,8,estudiante158@uni.edu,2023-06-02
159,STU0159,Estudiante 159,Arquitectura,9,estudiante159@uni.edu,2022-05-22
160,STU0160,Estudiante 160,Arquitectura,10,estudiante160@uni.edu,2021-05-03
161,STU0161,Estudiante 161,Psicología,9,estudiante161@uni.edu,2021-08-31
162,STU0162,Estudiante 162,Administración,8,estudiante162@uni.edu,2021-08-23
163,STU0163,Estudiante 163,Derecho,4,estudiante163@uni.edu,2022-08-12
164,STU0164,Estudiante 164,Arquitectura,4,estudiante164@uni.edu,2022-08-17
165,STU0165,Estudiante 165,Arquitectura,2,estudiante165@uni.edu,2022-07-25
166,STU0166,Estudiante 166,Contabilidad,5,estudiante166@uni.edu,2022-04-14
167,STU0167,Estudiante 167,Medicina,9,estudiante167@uni.edu,2023-09-18
168,STU0168,Estudiante 168,Administración,3,estudiante168@uni.edu,2022-11-14
169,STU0169,Estudiante 169,Psicología,3,estudiante169@uni.edu,2022-12-19
170,STU0170,Estudiante 170,Ingeniería Civil,7,estudiante170@uni.edu,2021-11-18
171,STU0171,Estudiante 171,Medicina,9,estudiante171@uni.edu,2021-07-21
172,STU0172,Estudiante 172,Psicología,1,estudiante172@uni.edu,2023-01-03
173,STU0173,Estudiante 173,Psicología,7,estudiante173@uni.edu,2024-01-21
174,STU0174,Estudiante 174,Psicología,8,estudiante174@uni.edu,2024-02-18
175,STU0175,Estudiante 175,Medicina,5,estudiante175@uni.edu,2021-12-24
176,STU0176,Estudiante 176,Psicología,9,estudiante176@uni.edu,2022-12-06
177,STU0177,Estudiante 177,Arquitectura,4,estudiante177@uni.edu,2022-08-21
178,STU0178,Estudiante 178,Psicología,8,estudiante178@uni.edu,2024-01-02
179,STU0179,Estudiante 179,Psicología,6,estudiante179@uni.edu,2021-11-24
180,STU0180,Estudiante 180,Administración,8,estudiante180@uni.edu,2023-06-14
181,STU0181,Estudiante 181,Ingeniería de Sistemas,7,estudiante181@uni.edu,2024-01-06
182,STU0182,Estudiante 182,Ingeniería Civil,7,estudiante182@uni.edu,2023-05-29
183,STU0183,Estudiante 183,Arquitectura,3,estudiante183@uni.edu,2023-11-20
184,STU0184,Estudiante 184,Derecho,7,estudiante184@uni.edu,2022-05-01
185,STU0185,Estudiante 185,Contabilidad,8,estudiante185@uni.edu,2022-05-02
186,STU0186,Estudiante 186,Medicina,7,estudiante186@uni.edu,2022-08-10
187,STU0187,Estudiante 187,Psicología,5,estudiante187@uni.edu,2023-09-16
188,STU0188,Estudiante 188,Arquitectura,1,estudiante188@uni.edu,2023-11-16
189,STU0189,Estudiante 189,Medicina,4,estudiante189@uni.edu,2023-10-13
190,STU0190,Estudiante 190,Ingeniería de Sistemas,1,estudiante190@uni.edu,2022-10-12
191,STU0191,Estudiante 191,Contabilidad,1,estudiante191@uni.edu,2023-04-24
192,STU0192,Estudiante 192,Contabilidad,3,estudiante192@uni.edu,2021-07-06
193,STU0193,Estudiante 193,Ingeniería Civil,10,estudiante193@uni.edu,2022-12-11
194,STU0194,Estudiante 194,Arquitectura,5,estudiante194@uni.edu,2022-02-05
195,STU0195,Estudiante 195,Administración,10,estudiante195@uni.edu,2023-07-11
196,STU0196,Estudiante 196,Administración,5,estudiante196@uni.edu,2023-07-24
197,STU0197,Estudiante 197,Ingeniería de Sistemas,5,estudiante197@uni.edu,2022-01-23
198,STU0198,Estudiante 198,Psicología,4,estudiante198@uni.edu,2023-09-28
199,STU0199,Estudiante 199,Contabilidad,2,estudiante199@uni.edu,2022-06-23
200,STU0200,Estudiante 200,Ingeniería Civil,10,estudiante200@uni.edu,2023-12-08
201,STU0201,Estudiante 201,Medicina,9,estudiante201@uni.edu,2021-10-06
202,STU0202,Estudiante 202,Medicina,2,estudiante202@uni.edu,2021-04-30
203,STU0203,Estudiante 203,Medicina,1,estudiante203@uni.edu,2021-10-23
204,STU0204,Estudiante 204,Arquitectura,2,estudiante204@uni.edu,2021-09-26
205,STU0205,Estudiante 205,Medicina,8,estudiante205@uni.edu,2023-04-23
206,STU0206,Estudiante 206,Psicología,3,estudiante206@uni.edu,2021-03-29
207,STU0207,Estudiante 207,Derecho,10,estudiante207@uni.edu,2021-06-15
208,STU0208,Estudiante 208,Arquitectura,7,estudiante208@uni.edu,2022-08-30
209,STU0209,Estudiante 209,Medicina,4,estudiante209@uni.edu,2023-09-06
210,STU0210,Estudiante 210,Derecho,8,estudiante210@uni.edu,2022-10-19
211,STU0211,Estudiante 211,Arquitectura,10,estudiante211@uni.edu,2022-01-15
212,STU0212,Estudiante 212,Medicina,1,estudiante212@uni.edu,2021-05-24
213,STU0213,Estudiante 213,Medicina,3,estudiante213@uni.edu,2021-06-07
214,STU0214,Estudiante 214,Contabilidad,6,estudiante214@uni.edu,2022-09-19
215,STU0215,Estudiante 215,Medicina,5,estudiante215@uni.edu,2022-08-14
216,STU0216,Estudiante 216,Ingeniería de Sistemas,9,estudiante216@uni.edu,2023-02-04
217,STU0217,Estudiante 217,Ingeniería Civil,4,estudiante217@uni.edu,2021-11-20
218,STU0218,Estudiante 218,Arquitectura,9,estudiante218@uni.edu,2022-10-26
219,STU0219,Estudiante 219,Arquitectura,8,estudiante219@uni.edu,2021-08-27
220,STU0220,Estudiante 220,Ingeniería de Sistemas,2,estudiante220@uni.edu,2022-07-08
221,STU0221,Estudiante 221,Contabilidad,7,estudiante221@uni.edu,2022-10-20
222,STU0222,Estudiante 222,Derecho,10,estudiante222@uni.edu,2022-02-05
223,STU0223,Estudiante 223,Arquitectura,9,estudiante223@uni.edu,2021-03-10
224,STU0224,Estudiante 224,Medicina,7,estudiante224@uni.edu,2022-04-24
225,STU0225,Estudiante 225,Medicina,8,estudiante225@uni.edu,2022-08-25
226,STU0226,Estudiante 226,Derecho,5,estudiante226@uni.edu,2022-11-15
227,STU0227,Estudiante 227,Ingeniería Civil,4,estudiante227@uni.edu,2022-05-25
228,STU0228,Estudiante 228,Ingeniería Civil,9,estudiante228@uni.edu,2023-02-16
229,STU0229,Estudiante 229,Contabilidad,4,estudiante229@uni.edu,2021-06-14
230,STU0230,Estudiante 230,Derecho,10,estudiante230@uni.edu,2021-03-23
231,STU0231,Estudiante 231,Derecho,2,estudiante231@uni.edu,2023-01-29
232,STU0232,Estudiante 232,Derecho,4,estudiante232@uni.edu,2022-02-21
233,STU0233,Estudiante 233,Administración,5,estudiante233@uni.edu,2024-02-02
234,STU0234,Estudiante 234,Administración,5,estudiante234@uni.edu,2023-11-29
235,STU0235,Estudiante 235,Ingeniería de Sistemas,9,estudiante235@uni.edu,2022-07-12
236,STU0236,Estudiante 236,Administración,8,estudiante236@uni.edu,2023-08-04
237,STU0237,Estudiante 237,Ingeniería de Sistemas,10,estudiante237@uni.edu,2022-07-28
238,STU0238,Estudiante 238,Arquitectura,8,estudiante238@uni.edu,2021-09-11
239,STU0239,Estudiante 239,Medicina,3,estudiante239@uni.edu,2023-11-17
240,STU0240,Estudiante 240,Derecho,8,estudiante240@uni.edu,2023-07-12
241,STU0241,Estudiante 241,Ingeniería Civil,7,estudiante241@uni.edu,2021-05-29
242,STU0242,Estudiante 242,Ingeniería Civil,10,estudiante242@uni.edu,2023-11-13
243,STU0243,Estudiante 243,Administración,3,estudiante243@uni.edu,2022-06-18
244,STU0244,Estudiante 244,Ingeniería Civil,4,estudiante244@uni.edu,2023-07-03
245,STU0245,Estudiante 245,Psicología,10,estudiante245@uni.edu,2022-11-25
246,STU0246,Estudiante 246,Psicología,8,estudiante246@uni.edu,2021-09-07
247,STU0247,Estudiante 247,Derecho,10,estudiante247@uni.edu,2021-10-05
248,STU0248,Estudiante 248,Derecho,10,estudiante248@uni.edu,2023-10-30
249,STU0249,Estudiante 249,Ingeniería Civil,4,estudiante249@uni.edu,2022-12-25
250,STU0250,Estudiante 250,Derecho,2,estudiante250@uni.edu,2023-04-15
251,STU0251,Estudiante 251,Contabilidad,3,estudiante251@uni.edu,2023-09-30
252,STU0252,Estudiante 252,Administración,1,estudiante252@uni.edu,2021-11-16
253,STU0253,Estudiante 253,Arquitectura,10,estudiante253@uni.edu,2021-07-13
254,STU0254,Estudiante 254,Derecho,1,estudiante254@uni.edu,2022-11-13
255,STU0255,Estudiante 255,Derecho,5,estudiante255@uni.edu,2021-08-15
256,STU0256,Estudiante 256,Ingeniería Civil,4,estudiante256@uni.edu,2022-09-07
257,STU0257,Estudiante 257,Contabilidad,7,estudiante257@uni.edu,2023-07-10
258,STU0258,Estudiante 258,Contabilidad,3,estudiante258@uni.edu,2022-09-04
259,STU0259,Estudiante 259,Administración,2,estudiante259@uni.edu,2023-10-31
260,STU0260,Estudiante 260,Administración,5,estudiante260@uni.edu,2022-07-19
261,STU0261,Estudiante 261,Arquitectura,2,estudiante261@uni.edu,2021-07-16
262,STU0262,Estudiante 262,Derecho,7,estudiante262@uni.edu,2022-08-22
263,STU0263,Estudiante 263,Arquitectura,8,estudiante263@uni.edu,2023-09-19
264,STU0264,Estudiante 264,Ingeniería de Sistemas,7,estudiante264@uni.edu,2022-05-11
265,STU0265,Estudiante 265,Derecho,1,estudiante265@uni.edu,2023-08-27
266,STU0266,Estudiante 266,Contabilidad,10,estudiante266@uni.edu,2024-01-19
267,STU0267,Estudiante 267,Derecho,10,estudiante267@uni.edu,2023-12-10
268,STU0268,Estudiante 268,Administración,8,estudiante268@uni.edu,2021-04-04
269,STU0269,Estudiante 269,Arquitectura,5,estudiante269@uni.edu,2023-02-24
270,STU0270,Estudiante 270,Psicología,8,estudiante270@uni.edu,2023-08-28
271,STU0271,Estudiante 271,Arquitectura,6,estudiante271@uni.edu,2021-11-16
272,STU0272,Estudiante 272,Medicina,6,estudiante272@uni.edu,2023-07-31
273,STU0273,Estudiante 273,Administración,6,estudiante273@uni.edu,2021-11-09
274,STU0274,Estudiante 274,Arquitectura,5,estudiante274@uni.edu,2021-12-02
275,STU0275,Estudiante 275,Ingeniería de Sistemas,8,estudiante275@uni.edu,2023-09-03
276,STU0276,Estudiante 276,Medicina,5,estudiante276@uni.edu,2022-05-09
277,STU0277,Estudiante 277,Ingeniería Civil,7,estudiante277@uni.edu,2021-04-13
278,STU0278,Estudiante 278,Ingeniería de Sistemas,9,estudiante278@uni.edu,2021-07-29
279,STU0279,Estudiante 279,Psicología,1,estudiante279@uni.edu,2023-02-11
280,STU0280,Estudiante 280,Medicina,10,estudiante280@uni.edu,2021-05-16
281,STU0281,Estudiante 281,Arquitectura,1,estudiante281@uni.edu,2023-01-10
282,STU0282,Estudiante 282,Derecho,9,estudiante282@uni.edu,2023-06-07
283,STU0283,Estudiante 283,Derecho,8,estudiante283@uni.edu,2021-06-13
284,STU0284,Estudiante 284,Ingeniería Civil,1,estudiante284@uni.edu,2022-10-28
285,STU0285,Estudiante 285,Administración,5,estudiante285@uni.edu,2024-02-02
286,STU0286,Estudiante 286,Psicología,2,estudiante286@uni.edu,2022-11-27
287,STU0287,Estudiante 287,Ingeniería Civil,8,estudiante287@uni.edu,2023-07-05
288,STU0288,Estudiante 288,Administración,8,estudiante288@uni.edu,2022-07-13
289,STU0289,Estudiante 289,Derecho,7,estudiante289@uni.edu,2021-06-17
290,STU0290,Estudiante 290,Arquitectura,4,estudiante290@uni.edu,2021-08-09
291,STU0291,Estudiante 291,Administración,7,estudiante291@uni.edu,2023-02-05
292,STU0292,Estudiante 292,Administración,2,estudiante292@uni.edu,2022-08-14
293,STU0293,Estudiante 293,Psicología,6,estudiante293@uni.edu,2021-04-27
294,STU0294,Estudiante 294,Derecho,1,estudiante294@uni.edu,2022-07-31
295,STU0295,Estudiante 295,Derecho,10,estudiante295@uni.edu,2021-06-03
296,STU0296,Estudiante 296,Administración,8,estudiante296@uni.edu,2021-06-14
297,STU0297,Estudiante 297,Medicina,6,estudiante297@uni.edu,2022-01-19
298,STU0298,Estudiante 298,Arquitectura,6,estudiante298@uni.edu,2023-02-09
299,STU0299,Estudiante 299,Contabilidad,10,estudiante299@uni.edu,2022-01-07
300,STU0300,Estudiante 300,Contabilidad,7,estudiante300@uni.edu,2023-12-03
301,STU0301,Estudiante 301,Medicina,8,estudiante301@uni.edu,2022-01-11
302,STU0302,Estudiante 302,Psicología,3,estudiante302@uni.edu,2021-05-22
303,STU0303,Estudiante 303,Ingeniería de Sistemas,3,estudiante303@uni.edu,2021-05-08
304,STU0304,Estudiante 304,Medicina,2,estudiante304@uni.edu,2021-09-12
305,STU0305,Estudiante 305,Ingeniería Civil,9,estudiante305@uni.edu,2021-08-09
306,STU0306,Estudiante 306,Ingeniería de Sistemas,3,estudiante306@uni.edu,2021-11-13
307,STU0307,Estudiante 307,Administración,2,estudiante307@uni.edu,2021-07-14
308,STU0308,Estudiante 308,Derecho,6,estudiante308@uni.edu,2021-12-08
309,STU0309,Estudiante 309,Ingeniería Civil,6,estudiante309@uni.edu,2021-03-05
310,STU0310,Estudiante 310,Psicología,6,estudiante310@uni.edu,2021-06-06
311,STU0311,Estudiante 311,Ingeniería de Sistemas,10,estudiante311@uni.edu,2023-10-13
312,STU0312,Estudiante 312,Contabilidad,5,estudiante312@uni.edu,2022-11-22
313,STU0313,Estudiante 313,Ingeniería Civil,7,estudiante313@uni.edu,2023-08-13
314,STU0314,Estudiante 314,Ingeniería Civil,8,estudiante314@uni.edu,2023-03-27
315,STU0315,Estudiante 315,Derecho,1,estudiante315@uni.edu,2023-11-28
316,STU0316,Estudiante 316,Medicina,1,estudiante316@uni.edu,2022-07-10
317,STU0317,Estudiante 317,Medicina,6,estudiante317@uni.edu,2021-10-01
318,STU0318,Estudiante 318,Administración,4,estudiante318@uni.edu,2021-03-10
319,STU0319,Estudiante 319,Psicología,10,estudiante319@uni.edu,2023-02-27
320,STU0320,Estudiante 320,Administración,3,estudiante320@uni.edu,2023-09-22
321,STU0321,Estudiante 321,Psicología,10,estudiante321@uni.edu,2022-10-25
322,STU0322,Estudiante 322,Arquitectura,10,estudiante322@uni.edu,2023-05-13
323,STU0323,Estudiante 323,Contabilidad,8,estudiante323@uni.edu,2022-09-28
324,STU0324,Estudiante 324,Arquitectura,5,estudiante324@uni.edu,2024-02-11
325,STU0325,Estudiante 325,Arquitectura,5,estudiante325@uni.edu,2023-04-13
326,STU0326,Estudiante 326,Ingeniería Civil,8,estudiante326@uni.edu,2022-03-25
327,STU0327,Estudiante 327,Derecho,7,estudiante327@uni.edu,2022-10-06
328,STU0328,Estudiante 328,Arquitectura,5,estudiante328@uni.edu,2023-01-19
329,STU0329,Estudiante 329,Psicología,8,estudiante329@uni.edu,2023-07-27
330,STU0330,Estudiante 330,Contabilidad,7,estudiante330@uni.edu,2022-02-25
331,STU0331,Estudiante 331,Derecho,5,estudiante331@uni.edu,2024-01-17
332,STU0332,Estudiante 332,Psicología,5,estudiante332@uni.edu,2024-02-14
333,STU0333,Estudiante 333,Ingeniería de Sistemas,10,estudiante333@uni.edu,2021-05-19
334,STU0334,Estudiante 334,Derecho,4,estudiante334@uni.edu,2022-03-11
335,STU0335,Estudiante 335,Contabilidad,4,estudiante335@uni.edu,2022-10-05
336,STU0336,Estudiante 336,Administración,2,estudiante336@uni.edu,2023-12-12
337,STU0337,Estudiante 337,Derecho,8,estudiante337@uni.edu,2023-12-24
338,STU0338,Estudiante 338,Medicina,3,estudiante338@uni.edu,2023-08-30
339,STU0339,Estudiante 339,Derecho,6,estudiante339@uni.edu,2021-11-02
340,STU0340,Estudiante 340,Administración,4,estudiante340@uni.edu,2023-06-05
341,STU0341,Estudiante 341,Medicina,9,estudiante341@uni.edu,2021-05-09
342,STU0342,Estudiante 342,Derecho,3,estudiante342@uni.edu,2022-09-22
343,STU0343,Estudiante 343,Arquitectura,5,estudiante343@uni.edu,2022-04-08
344,STU0344,Estudiante 344,Ingeniería Civil,8,estudiante344@uni.edu,2023-09-29
345,STU0345,Estudiante 345,Administración,4,estudiante345@uni.edu,2021-12-09
346,STU0346,Estudiante 346,Medicina,2,estudiante346@uni.edu,2021-12-14
347,STU0347,Estudiante 347,Ingeniería de Sistemas,5,estudiante347@uni.edu,2023-06-22
348,STU0348,Estudiante 348,Arquitectura,6,estudiante348@uni.edu,2022-09-12
349,STU0349,Estudiante 349,Psicología,6,estudiante349@uni.edu,2023-07-24
350,STU0350,Estudiante 350,Contabilidad,8,estudiante350@uni.edu,2024-01-10
351,STU0351,Estudiante 351,Medicina,10,estudiante351@uni.edu,2022-12-04
352,STU0352,Estudiante 352,Ingeniería Civil,8,estudiante352@uni.edu,2022-06-22
353,STU0353,Estudiante 353,Psicología,2,estudiante353@uni.edu,2023-05-20
354,STU0354,Estudiante 354,Ingeniería de Sistemas,1,estudiante354@uni.edu,2022-06-17
355,STU0355,Estudiante 355,Arquitectura,2,estudiante355@uni.edu,2023-08-15
356,STU0356,Estudiante 356,Contabilidad,9,estudiante356@uni.edu,2023-05-29
357,STU0357,Estudiante 357,Psicología,8,estudiante357@uni.edu,2022-02-01
358,STU0358,Estudiante 358,Psicología,10,estudiante358@uni.edu,2023-04-20
359,STU0359,Estudiante 359,Psicología,2,estudiante359@uni.edu,2021-06-03
360,STU0360,Estudiante 360,Psicología,5,estudiante360@uni.edu,2023-12-25
361,STU0361,Estudiante 361,Medicina,4,estudiante361@uni.edu,2021-09-05
362,STU0362,Estudiante 362,Arquitectura,4,estudiante362@uni.edu,2022-02-18
363,STU0363,Estudiante 363,Ingeniería Civil,6,estudiante363@uni.edu,2022-02-26
364,STU0364,Estudiante 364,Ingeniería de Sistemas,7,estudiante364@uni.edu,2022-08-14
365,STU0365,Estudiante 365,Contabilidad,2,estudiante365@uni.edu,2021-08-13
366,STU0366,Estudiante 366,Ingeniería Civil,4,estudiante366@uni.edu,2024-01-18
367,STU0367,Estudiante 367,Ingeniería de Sistemas,6,estudiante367@uni.edu,2022-10-20
368,STU0368,Estudiante 368,Administración,10,estudiante368@uni.edu,2023-01-06
369,STU0369,Estudiante 369,Ingeniería Civil,9,estudiante369@uni.edu,2023-01-02
370,STU0370,Estudiante 370,Contabilidad,4,estudiante370@uni.edu,2022-04-29
371,STU0371,Estudiante 371,Administración,10,estudiante371@uni.edu,2024-02-25
372,STU0372,Estudiante 372,Derecho,3,estudiante372@uni.edu,2023-06-09
373,STU0373,Estudiante 373,Derecho,3,estudiante373@uni.edu,2023-07-20
374,STU0374,Estudiante 374,Ingeniería de Sistemas,3,estudiante374@uni.edu,2024-01-31
375,STU0375,Estudiante 375,Medicina,4,estudiante375@uni.edu,2022-05-08
376,STU0376,Estudiante 376,Ingeniería de Sistemas,3,estudiante376@uni.edu,2022-09-05
377,STU0377,Estudiante 377,Ingeniería de Sistemas,3,estudiante377@uni.edu,2021-10-21
378,STU0378,Estudiante 378,Ingeniería Civil,2,estudiante378@uni.edu,2021-06-30
379,STU0379,Estudiante 379,Arquitectura,6,estudiante379@uni.edu,2021-04-15
380,STU0380,Estudiante 380,Ingeniería Civil,8,estudiante380@uni.edu,2021-05-05
381,STU0381,Estudiante 381,Contabilidad,10,estudiante381@uni.edu,2023-12-04
382,STU0382,Estudiante 382,Derecho,8,estudiante382@uni.edu,2023-12-29
383,STU0383,Estudiante 383,Ingeniería de Sistemas,8,estudiante383@uni.edu,2021-11-30
384,STU0384,Estudiante 384,Psicología,2,estudiante384@uni.edu,2021-06-01
385,STU0385,Estudiante 385,Arquitectura,2,estudiante385@uni.edu,2023-09-18
386,STU0386,Estudiante 386,Medicina,10,estudiante386@uni.edu,2023-05-03
387,STU0387,Estudiante 387,Ingeniería Civil,3,estudiante387@uni.edu,2022-08-16
388,STU0388,Estudiante 388,Medicina,7,estudiante388@uni.edu,2021-03-11
389,STU0389,Estudiante 389,Derecho,8,estudiante389@uni.edu,2021-05-01
390,STU0390,Estudiante 390,Psicología,2,estudiante390@uni.edu,2023-07-11
391,STU0391,Estudiante 391,Contabilidad,7,estudiante391@uni.edu,2021-08-20
392,STU0392,Estudiante 392,Contabilidad,7,estudiante392@uni.edu,2022-04-07
393,STU0393,Estudiante 393,Arquitectura,7,estudiante393@uni.edu,2021-11-01
394,STU0394,Estudiante 394,Ingeniería Civil,6,estudiante394@uni.edu,2021-10-09
395,STU0395,Estudiante 395,Medicina,5,estudiante395@uni.edu,2022-01-25
396,STU0396,Estudiante 396,Administración,8,estudiante396@uni.edu,2023-10-16
397,STU0397,Estudiante 397,Ingeniería Civil,2,estudiante397@uni.edu,2023-08-24
398,STU0398,Estudiante 398,Psicología,2,estudiante398@uni.edu,2022-01-28
399,STU0399,Estudiante 399,Administración,9,estudiante399@uni.edu,2023-10-31
400,STU0400,Estudiante 400,Medicina,2,estudiante400@uni.edu,2021-11-11
401,STU0401,Estudiante 401,Medicina,7,estudiante401@uni.edu,2023-11-17
402,STU0402,Estudiante 402,Derecho,10,estudiante402@uni.edu,2022-06-01
403,STU0403,Estudiante 403,Medicina,2,estudiante403@uni.edu,2021-04-27
404,STU0404,Estudiante 404,Contabilidad,3,estudiante404@uni.edu,2021-06-18
405,STU0405,Estudiante 405,Contabilidad,2,estudiante405@uni.edu,2022-03-15
406,STU0406,Estudiante 406,Medicina,2,estudiante406@uni.edu,2022-08-09
407,STU0407,Estudiante 407,Contabilidad,7,estudiante407@uni.edu,2024-01-08
408,STU0408,Estudiante 408,Derecho,1,estudiante408@uni.edu,2023-02-26
409,STU0409,Estudiante 409,Derecho,5,estudiante409@uni.edu,2022-04-06
410,STU0410,Estudiante 410,Medicina,1,estudiante410@uni.edu,2023-02-24
411,STU0411,Estudiante 411,Administración,10,estudiante411@uni.edu,2021-12-02
412,STU0412,Estudiante 412,Ingeniería Civil,3,estudiante412@uni.edu,2023-12-30
413,STU0413,Estudiante 413,Ingeniería Civil,9,estudiante413@uni.edu,2022-12-17
414,STU0414,Estudiante 414,Psicología,7,estudiante414@uni.edu,2021-08-15
415,STU0415,Estudiante 415,Medicina,3,estudiante415@uni.edu,2022-02-03
416,STU0416,Estudiante 416,Derecho,6,estudiante416@uni.edu,2023-09-10
417,STU0417,Estudiante 417,Ingeniería de Sistemas,3,estudiante417@uni.edu,2023-04-14
418,STU0418,Estudiante 418,Ingeniería de Sistemas,2,estudiante418@uni.edu,2022-08-22
419,STU0419,Estudiante 419,Arquitectura,7,estudiante419@uni.edu,2021-06-11
420,STU0420,Estudiante 420,Arquitectura,7,estudiante420@uni.edu,2022-08-20
421,STU0421,Estudiante 421,Contabilidad,9,estudiante421@uni.edu,2023-07-12
422,STU0422,Estudiante 422,Medicina,7,estudiante422@uni.edu,2023-07-18
423,STU0423,Estudiante 423,Derecho,10,estudiante423@uni.edu,2021-06-09
424,STU0424,Estudiante 424,Derecho,1,estudiante424@uni.edu,2022-12-06
425,STU0425,Estudiante 425,Psicología,10,estudiante425@uni.edu,2023-11-10
426,STU0426,Estudiante 426,Ingeniería de Sistemas,4,estudiante426@uni.edu,2022-06-23
427,STU0427,Estudiante 427,Contabilidad,3,estudiante427@uni.edu,2022-09-25
428,STU0428,Estudiante 428,Derecho,6,estudiante428@uni.edu,2023-06-30
429,STU0429,Estudiante 429,Ingeniería de Sistemas,8,estudiante429@uni.edu,2021-10-02
430,STU0430,Estudiante 430,Administración,3,estudiante430@uni.edu,2022-01-13
431,STU0431,Estudiante 431,Contabilidad,9,estudiante431@uni.edu,2022-03-07
432,STU0432,Estudiante 432,Ingeniería Civil,7,estudiante432@uni.edu,2023-12-06
433,STU0433,Estudiante 433,Psicología,1,estudiante433@uni.edu,2021-08-03
434,STU0434,Estudiante 434,Ingeniería Civil,6,estudiante434@uni.edu,2021-10-04
435,STU0435,Estudiante 435,Psicología,7,estudiante435@uni.edu,2022-07-18
436,STU0436,Estudiante 436,Ingeniería Civil,7,estudiante436@uni.edu,2024-01-19
437,STU0437,Estudiante 437,Medicina,3,estudiante437@uni.edu,2021-08-02
438,STU0438,Estudiante 438,Medicina,2,estudiante438@uni.edu,2021-09-19
439,STU0439,Estudiante 439,Ingeniería Civil,4,estudiante439@uni.edu,2021-09-21
440,STU0440,Estudiante 440,Psicología,9,estudiante440@uni.edu,2023-09-22
441,STU0441,Estudiante 441,Psicología,5,estudiante441@uni.edu,2022-04-06
442,STU0442,Estudiante 442,Contabilidad,6,estudiante442@uni.edu,2023-03-23
443,STU0443,Estudiante 443,Ingeniería Civil,9,estudiante443@uni.edu,2023-07-12
444,STU0444,Estudiante 444,Contabilidad,6,estudiante444@uni.edu,2022-03-13
445,STU0445,Estudiante 445,Administración,4,estudiante445@uni.edu,2023-08-04
446,STU0446,Estudiante 446,Administración,5,estudiante446@uni.edu,2023-01-22
447,STU0447,Estudiante 447,Administración,10,estudiante447@uni.edu,2023-04-23
448,STU0448,Estudiante 448,Ingeniería Civil,3,estudiante448@uni.edu,2021-05-25
449,STU0449,Estudiante 449,Arquitectura,10,estudiante449@uni.edu,2021-08-25
450,STU0450,Estudiante 450,Medicina,6,estudiante450@uni.edu,2023-04-27
451,STU0451,Estudiante 451,Arquitectura,2,estudiante451@uni.edu,2021-07-15
452,STU0452,Estudiante 452,Arquitectura,5,estudiante452@uni.edu,2022-08-17
453,STU0453,Estudiante 453,Ingeniería de Sistemas,6,estudiante453@uni.edu,2021-04-27
454,STU0454,Estudiante 454,Ingeniería Civil,5,estudiante454@uni.edu,2021-07-30
455,STU0455,Estudiante 455,Arquitectura,1,estudiante455@uni.edu,2023-11-06
456,STU0456,Estudiante 456,Medicina,5,estudiante456@uni.edu,2023-09-26
457,STU0457,Estudiante 457,Ingeniería Civil,10,estudiante457@uni.edu,2021-04-28
458,STU0458,Estudiante 458,Psicología,8,estudiante458@uni.edu,2023-12-08
459,STU0459,Estudiante 459,Arquitectura,10,estudiante459@uni.edu,2023-02-10
460,STU0460,Estudiante 460,Medicina,10,estudiante460@uni.edu,2021-07-01
461,STU0461,Estudiante 461,Administración,1,estudiante461@uni.edu,2021-08-22
462,STU0462,Estudiante 462,Ingeniería Civil,6,estudiante462@uni.edu,2023-09-11
463,STU0463,Estudiante 463,Administración,1,estudiante463@uni.edu,2022-10-11
464,STU0464,Estudiante 464,Arquitectura,8,estudiante464@uni.edu,2021-03-24
465,STU0465,Estudiante 465,Administración,6,estudiante465@uni.edu,2022-01-28
466,STU0466,Estudiante 466,Derecho,7,estudiante466@uni.edu,2021-11-15
467,STU0467,Estudiante 467,Medicina,10,estudiante467@uni.edu,2023-11-15
468,STU0468,Estudiante 468,Medicina,2,estudiante468@uni.edu,2022-04-26
469,STU0469,Estudiante 469,Ingeniería Civil,9,estudiante469@uni.edu,2021-12-31
470,STU0470,Estudiante 470,Derecho,5,estudiante470@uni.edu,2023-04-29
471,STU0471,Estudiante 471,Medicina,2,estudiante471@uni.edu,2023-05-17
472,STU0472,Estudiante 472,Medicina,5,estudiante472@uni.edu,2021-12-20
473,STU0473,Estudiante 473,Administración,10,estudiante473@uni.edu,2023-09-10
474,STU0474,Estudiante 474,Derecho,9,estudiante474@uni.edu,2022-01-20
475,STU0475,Estudiante 475,Medicina,3,estudiante475@uni.edu,2021-03-19
476,STU0476,Estudiante 476,Ingeniería Civil,7,estudiante476@uni.edu,2021-04-25
477,STU0477,Estudiante 477,Medicina,1,estudiante477@uni.edu,2022-02-18
478,STU0478,Estudiante 478,Derecho,3,estudiante478@uni.edu,2022-12-19
479,STU0479,Estudiante 479,Medicina,8,estudiante479@uni.edu,2023-02-02
480,STU0480,Estudiante 480,Contabilidad,3,estudiante480@uni.edu,2023-04-19
481,STU0481,Estudiante 481,Ingeniería Civil,5,estudiante481@uni.edu,2023-08-07
482,STU0482,Estudiante 482,Ingeniería de Sistemas,6,estudiante482@uni.edu,2023-06-07
483,STU0483,Estudiante 483,Psicología,3,estudiante483@uni.edu,2023-04-04
484,STU0484,Estudiante 484,Administración,10,estudiante484@uni.edu,2023-03-28
485,STU0485,Estudiante 485,Arquitectura,1,estudiante485@uni.edu,2021-11-11
486,STU0486,Estudiante 486,Medicina,4,estudiante486@uni.edu,2021-09-04
487,STU0487,Estudiante 487,Derecho,8,estudiante487@uni.edu,2022-11-08
488,STU0488,Estudiante 488,Contabilidad,5,estudiante488@uni.edu,2021-07-15
489,STU0489,Estudiante 489,Contabilidad,6,estudiante489@uni.edu,2021-09-11
490,STU0490,Estudiante 490,Arquitectura,5,estudiante490@uni.edu,2022-01-09
491,STU0491,Estudiante 491,Psicología,3,estudiante491@uni.edu,2023-01-18
492,STU0492,Estudiante 492,Administración,5,estudiante492@uni.edu,2023-11-16
493,STU0493,Estudiante 493,Arquitectura,6,estudiante493@uni.edu,2023-08-04
494,STU0494,Estudiante 494,Ingeniería Civil,5,estudiante494@uni.edu,2023-09-12
495,STU0495,Estudiante 495,Administración,5,estudiante495@uni.edu,2021-08-24
496,STU0496,Estudiante 496,Administración,7,estudiante496@uni.edu,2023-08-27
497,STU0497,Estudiante 497,Contabilidad,8,estudiante497@uni.edu,2022-03-17
498,STU0498,Estudiante 498,Ingeniería de Sistemas,7,estudiante498@uni.edu,2023-11-13
499,STU0499,Estudiante 499,Psicología,9,estudiante499@uni.edu,2022-01-26
500,STU0500,Estudiante 500,Contabilidad,7,estudiante500@uni.edu,2023-09-16
